,missing,date,team_A,team_B,wager_A,wager_B,opener_A,opener_B,bet365_A,bet365_B,888sport_A,888sport_B,unibet_A,unibet_B,betway_A,betway_B,opener_p_A_norm
0,False,2017-04-08,Magomed Bibulatov,Jenel Lausa,48%,52%,-145,+125,-500,+375,-,-,-,-,-,-,0.5711159737417943
1,False,2017-04-08,Irene Aldana,Katlyn Chookagian,55%,45%,+145,-170,+130,-160,-,-,-,-,-,-,0.39329934450109244
2,False,2017-04-08,Desmond Green ,Josh Emmett,58%,42%,+190,-225,+180,-220,-,-,-,-,-,-,0.33248081841432225
3,False,2017-04-08,Andrew Holbrook,Gregor Gillespie,50%,50%,+185,-220,+200,-250,-,-,-,-,-,-,0.337909186906019
4,False,2017-04-08,Jan Blachowicz,Patrick Cummins,45%,55%,-125,+105,-125,+100,-,-,-,-,-,-,0.5324675324675325
5,False,2017-04-08,Charles Rosa,Shane Burgos,47%,53%,+170,-200,+188,-225,-,-,-,-,-,-,0.35714285714285715
6,False,2017-04-08,Sean Strickland,Kamaru Usman,55%,45%,+260,-310,+250,-333,-,-,-,-,-,-,0.26867627785058973
7,False,2017-04-08,Mike De La Torre,Myles Jury,54%,46%,+335,-405,+300,-400,-,-,-,-,-,-,0.2227859269879784
8,False,2017-04-08,Charles Oliveira,Will Brooks,61%,39%,+270,-330,+175,-210,-,-,-,-,-,-,0.26044821320411876
9,False,2017-04-08,Patrick Cote,Thiago Alves,69%,31%,-172,+147,-138,+110,-,-,-,-,-,-,0.6096664944607083
10,False,2017-04-08,Pearl Gonzalez,Cynthia Calvillo,47%,53%,+220,-260,+200,-250,-,-,-,-,-,-,0.3020134228187919
11,False,2017-04-08,Gegard Mousasi,Chris Weidman,44%,56%,-116,-104,-125,+100,-,-,-,-,-,-,0.5130072840790842
12,False,2017-04-08,Anthony Johnson,Daniel Cormier,46%,54%,-110,-110,-150,+125,-,-,-,-,-,-,0.5
26,False,2017-04-15,Ketlen Vieira,Ashlee Evans-Smith,47%,53%,+155,-180,+138,-163,-,-,-,-,-,-,0.37889039242219213
27,False,2017-04-15,Nathan Coy,Zak Cummings,49%,51%,+385,-500,+400,-550,-,-,-,-,-,-,0.1983471074380165
28,False,2017-04-15,Augusto Mendes,Aljamain Sterling,62%,38%,+205,-240,+300,-400,-,-,-,-,-,-,0.3171641791044776
29,False,2017-04-15,Andrew Sanchez,Anthony Smith,44%,56%,-320,+270,-350,+275,-,-,-,-,-,-,0.7381546134663343
30,False,2017-04-15,Jake Collier,Devin Clark,45%,55%,+120,-140,+120,-143,-,-,-,-,-,-,0.43795620437956206
31,False,2017-04-15,Louis Smolka,Tim Elliott,63%,37%,+230,-270,+150,-175,-,-,-,-,-,-,0.2934179222839017
32,False,2017-04-15,Rashid Magomedov,Bobby Green,46%,54%,-350,+285,-350,+275,-,-,-,-,-,-,0.7496522948539639
33,False,2017-04-15,Tom Duquesnoy,Patrick Williams,36%,64%,-425,+355,-1400,+800,-,-,-,-,-,-,0.7864768683274023
34,False,2017-04-15,Roy Nelson,Alexander Volkov,56%,44%,+119,-139,+140,-170,-,-,-,-,-,-,0.4398152407942437
35,False,2017-04-15,Renato Moicano,Jeremy Stephens,57%,43%,+165,-190,+150,-175,-,-,-,-,-,-,0.36546943919344677
36,False,2017-04-15,Robert Whittaker,Ronaldo Souza,57%,43%,+195,-230,+200,-250,-,-,-,-,-,-,0.32721864154685176
37,False,2017-04-15,Michelle Waterson,Rose Namajunas,60%,40%,+115,-135,-110,-110,-,-,-,-,-,-,0.447405997144217
38,False,2017-04-15,Wilson Reis,Demetrious Johnson,43%,57%,+675,-1000,+600,-1000,-,-,-,-,-,-,0.12429378531073447
52,False,2017-04-22,Matt Schnell,Hector Sandoval,59%,41%,+105,-125,-160,+130,-,-,-,-,-,-,0.4675324675324675
53,False,2017-04-22,Joe Proctor,Bryan Barberena,55%,45%,+270,-330,+275,-350,-,-,-,-,-,-,0.26044821320411876
54,False,2017-04-22,Cindy Dandois,Alexis Davis,51%,49%,+210,-250,+225,-275,-,-,-,-,-,-,0.31111111111111106
55,False,2017-04-22,Danielle Taylor,Jessica Penne,48%,52%,+130,-150,-110,-110,-,-,-,-,-,-,0.42016806722689076
56,False,2017-04-22,Michael McBride,Scott Holtzman,60%,40%,+285,-350,+240,-300,-,-,-,-,-,-,0.25034770514603616
57,False,2017-04-22,Brandon Moreno,Dustin Ortiz,52%,48%,+180,-210,+100,-125,-,-,-,-,-,-,0.3452115812917595
58,False,2017-04-22,Sam Alvey,Thales Leites,61%,39%,-110,-110,+100,-125,-,-,-,-,-,-,0.5
59,False,2017-04-22,Mike Perry,Jake Ellenberger,44%,56%,-155,+135,-138,+110,-,-,-,-,-,-,0.5882115462252725
60,False,2017-04-22,Stevie Ray,Joe Lauzon,69%,31%,-210,+180,-170,+140,-,-,-,-,-,-,0.6547884187082406
61,False,2017-04-22,Eddie Wineland,John Dodson,48%,52%,+345,-415,+350,-450,-,-,-,-,-,-,0.2180586429554356
62,False,2017-04-22,Marcos Rogerio de Lima,Ovince Saint Preux,49%,51%,+160,-185,+140,-170,-,-,-,-,-,-,0.3720626631853786
63,False,2017-04-22,Artem Lobov,Cub Swanson,57%,43%,+410,-525,+400,-550,-,-,-,-,-,-,0.18925056775170324
64,False,2017-04-22,Diego Sanchez,Al Iaquinta,68%,32%,+285,-350,+300,-400,-,-,-,-,-,-,0.25034770514603616
78,False,2017-05-13,Gadzhimurad Antigulov,Joachim Christensen,42%,58%,-380,+315,-400,+300,-,-,-,-,-,-,0.7666504618376276
79,False,2017-05-13,Enrique Barzola,Gabriel Benitez,49%,51%,+190,-225,+120,-143,-,-,-,-,-,-,0.33248081841432225
80,False,2017-05-13,Cortney Casey,Jessica Aguilar,45%,55%,-125,+105,-160,+130,-,-,-,-,-,-,0.5324675324675325
81,False,2017-05-13,James Vick,Marco Polo Reyes,37%,63%,-400,+330,-400,+300,-,-,-,-,-,-,0.7747747747747749
82,False,2017-05-13,Rashad Coulter,Chase Sherman,51%,49%,+130,-150,-110,-110,-,-,-,-,-,-,0.42016806722689076
83,False,2017-05-13,Jason Knight,Chas Skelly,59%,41%,+105,-125,-110,-110,-,-,-,-,-,-,0.4675324675324675
84,False,2017-05-13,  David Branch,Krzysztof Jotko,47%,53%,+145,-170,+150,-175,-,-,-,-,-,-,0.39329934450109244
85,False,2017-05-13,Yair Rodriguez,Frankie Edgar,46%,54%,+145,-170,+100,-125,-,-,-,-,-,-,0.39329934450109244
86,False,2017-05-13,Jorge Masvidal,Demian Maia,55%,45%,+110,-130,-110,-110,-,-,-,-,-,-,0.4572564612326044
87,False,2017-05-13,Jessica Andrade,Joanna Jedrzejczyk,43%,57%,+150,-175,+163,-188,-,-,-,-,-,-,0.3859649122807018
88,False,2017-05-13,Junior Dos Santos,Stipe Miocic,50%,50%,+141,-161,+150,-175,-,-,-,-,-,-,0.40215096839802167
89,True,2017-05-13,Dustin Poirier,Eddie Alvarez,,,,,,,,,,,,,
102,False,2017-05-28,Damir Hadzovic,Marcin Held,62%,38%,+275,-335,+250,-333,-,-,-,-,-,-,0.2572062084257206
103,False,2017-05-28,Jessin Ayari,Darren Till,47%,53%,+280,-340,+250,-333,-,-,-,-,-,-,0.2540415704387991
104,False,2017-05-28,Bojan Velickovic,Nicholas Musoke,48%,52%,+130,-150,+110,-138,-,-,-,-,-,-,0.42016806722689076
105,False,2017-05-28,Reza Madadi,Joaquim Silva,53%,47%,+160,-185,+138,-163,-,-,-,-,-,-,0.3720626631853786
106,False,2017-05-28,Chris Camozzi,Trevor Smith,54%,46%,-240,+205,-170,+140,-,-,-,-,-,-,0.6828358208955224
107,False,2017-05-28,Damian Stasiak,Pedro Munhoz,71%,29%,+475,-650,+550,-800,-,-,-,-,-,-,0.1671309192200557
108,False,2017-05-28,Alex Nicholson,Jack Hermansson,42%,58%,-110,-110,+140,-170,-,-,-,-,-,-,0.5
109,False,2017-05-28,Nordine Taleb,Oliver Enkamp,29%,71%,-500,+385,-400,+300,-,-,-,-,-,-,0.8016528925619835
110,False,2017-05-28,Omari Akhmedov,Abdul Razak Alhassan,59%,41%,+225,-265,+200,-250,-,-,-,-,-,-,0.2976554536187564
111,False,2017-05-28,Ben Saunders,Peter Sobotta,52%,48%,-118,-102,+100,-125,-,-,-,-,-,-,0.5173641257162701
112,False,2017-05-28,Misha Cirkunov,Volkan Oezdemir,51%,49%,-400,+330,-400,+300,-,-,-,-,-,-,0.7747747747747749
113,False,2017-05-28,Glover Teixeira,Alexander Gustafsson,62%,38%,+170,-200,+240,-300,-,-,-,-,-,-,0.35714285714285715
126,False,2017-06-03,Deiveson Alcantara,Marco Beltran,45%,55%,-160,+140,-160,+130,-150,+120,-,-,-,-,0.5962732919254659
127,False,2017-06-03,Jim Wallhead,Luan Chagas,55%,45%,+182,-212,+225,-275,+215,-278,-,-,-,-,0.342917436032709
128,False,2017-06-03,Jamie Moyle,Viviane Pereira,49%,51%,-105,-115,+150,-175,+130,-162,-,-,-,-,0.4891657638136511
129,False,2017-06-03,Brian Kelleher,Iuri Alcantara,42%,58%,+240,-280,+300,-400,+275,-360,-,-,-,-,0.2852852852852853
130,False,2017-06-03,Matthew Lopez,Johnny Eduardo,47%,53%,-195,+170,-110,-110,-118,-106,-,-,-,-,0.6409007912355448
131,False,2017-06-03,Eric Spicely,Antonio Carlos Junior,54%,46%,+185,-220,+275,-350,+260,-345,-,-,-,-,0.337909186906019
132,False,2017-06-03,  Marlon Moraes,Raphael Assuncao,51%,49%,-205,+175,-250,+200,-250,+195,-,-,-,-,0.6489208633093525
133,False,2017-06-03,Yancy Medeiros,Erick Silva,54%,46%,-110,-110,-138,+110,-150,+120,-,-,-,-,0.5
134,False,2017-06-03,Oluwale Bamgbose,Paulo Borrachinha,58%,42%,+240,-280,+225,-275,+215,-278,-,-,-,-,0.2852852852852853
135,False,2017-06-03,Nate Marquardt,Vitor Belfort,62%,38%,+109,-129,+138,-163,+140,-180,-,-,-,-,0.4592767894747398
136,False,2017-06-03,Karolina Kowalkiewicz,Claudia Gadelha,57%,43%,+235,-275,+250,-333,+230,-305,-,-,-,-,0.2892960462873674
137,False,2017-06-03,Max Holloway,Jose Aldo,60%,40%,+115,-135,+130,-160,+125,-150,-,-,-,-,0.447405997144217
150,False,2017-06-10,Chan-Mi Jeon,J.J. Aldrich,43%,57%,+183,-213,+150,-175,+150,-190,-,-,-,-,0.3417814127693031
151,False,2017-06-10,Zak Ottow,Kiichi Kunimoto,57%,43%,-300,+250,-400,+300,-360,+275,-,-,-,-,0.7241379310344829
152,False,2017-06-10,Ashkan Mokhtarian,John Moraga,34%,66%,+113,-133,+170,-200,+160,-200,-,-,-,-,0.4512967518255245
153,False,2017-06-10,Dominique Steele,Luke Jumeau,40%,60%,-162,+142,-188,+163,-190,+150,-,-,-,-,0.5994128799461808
154,False,2017-06-10,Vinc Pichel,Damien Brown,46%,54%,-110,-110,-125,+100,-124,+100,-,-,-,-,0.5
155,False,2017-06-10,Mizuto Hirota,Alexander Volkanovski,57%,43%,+215,-255,+500,-700,+450,-670,-,-,-,-,0.30649687027843725
156,False,2017-06-10,Ben Nguyen,Tim Elliott,45%,55%,+175,-205,+150,-175,+150,-190,-,-,-,-,0.3510791366906475
157,False,2017-06-10,Henrique da Silva,Ion Cutelaba,47%,53%,+160,-185,+225,-275,+230,-305,-,-,-,-,0.3720626631853786
158,False,2017-06-10,Ross Pearson,Dan Hooker,32%,68%,+165,-190,+125,-150,+120,-150,-,-,-,-,0.36546943919344677
159,False,2017-06-10,Daniel Kelly,Derek Brunson,52%,48%,+210,-250,+200,-250,+215,-278,-,-,-,-,0.31111111111111106
160,False,2017-06-10,Mark Hunt,Derrick Lewis,58%,42%,+110,-130,+125,-150,+125,-150,-,-,-,-,0.4572564612326044
161,True,2017-06-10,Thibault Gouti,Dong Hyun Kim,,,,,,,,,,,,,
174,False,2017-06-17,Ji Yeon Kim,Lucie Pudilova,48%,52%,+145,-165,+110,-138,+110,-137,-,-,-,-,0.39596563317146055
175,False,2017-06-17,Carls John De Tomas,Naoki Inoue,48%,52%,+220,-260,+225,-275,+230,-305,-,-,-,-,0.3020134228187919
176,False,2017-06-17,Russell Doane,Kwan Ho Kwak,58%,42%,+125,-145,+100,-125,+100,-124,-,-,-,-,0.42888402625820565
177,False,2017-06-17,Frank Camacho,Li Jingliang,64%,36%,+335,-405,+400,-550,+350,-500,-,-,-,-,0.2227859269879784
178,False,2017-06-17,Ulka Sasaki,Justin Scoggins,70%,30%,+360,-460,+400,-550,+400,-590,-,-,-,-,0.2092675635276532
179,False,2017-06-17,Rolando Dy,Alex Caceres,57%,43%,+225,-265,+250,-333,+250,-335,-,-,-,-,0.2976554536187564
180,False,2017-06-17,Walt Harris,Cyril Asker,45%,55%,-265,+225,-350,+275,-345,+260,-,-,-,-,0.7023445463812437
181,False,2017-06-17,Jon Tuck,Takanori Gomi,53%,47%,-215,+185,-333,+250,-360,+275,-,-,-,-,0.6604688763136621
182,False,2017-06-17,Tarec Saffiedine,Rafael Dos Anjos,60%,40%,+250,-300,+188,-225,+175,-225,-,-,-,-,0.27586206896551724
183,False,2017-06-17,Colby Covington,Dong Hyun Kim,41%,59%,-200,+170,-275,+225,-250,+195,-,-,-,-,0.6428571428571429
184,False,2017-06-17,Marcin Tybura,Andrei Arlovski,49%,51%,-225,+190,-225,+188,-230,+180,-,-,-,-,0.6675191815856777
185,False,2017-06-17,Bethe Correia,Holly Holm,63%,37%,+330,-400,+400,-550,+415,-590,-,-,-,-,0.22522522522522523
198,False,2017-06-25,Johnny Case,Tony Martin,51%,49%,+125,-145,+110,-138,+100,-124,-,-,-,-,0.42888402625820565
199,False,2017-06-25,Vitor Miranda,Marvin Vettori,68%,32%,+265,-315,+275,-350,+275,-360,-,-,-,-,0.26521808595622304
200,False,2017-06-25,Jeremy Kimball,Joshua Stansbury,44%,56%,+155,-180,+140,-170,+130,-162,-,-,-,-,0.37889039242219213
201,False,2017-06-25,Michel Quinones,Jared Gordon,52%,48%,+105,-125,+125,-150,+120,-150,-,-,-,-,0.4675324675324675
202,False,2017-06-25,Darrell Horcher,Devin Powell,47%,53%,-310,+260,-450,+350,-500,+350,-,-,-,-,0.7313237221494101
203,False,2017-06-25,Maryna Moroz,Carla Esparza,57%,43%,+185,-215,+175,-210,+180,-230,-,-,-,-,0.3395311236863379
204,False,2017-06-25,Erik Koch,Clay Guida,43%,57%,-250,+210,-350,+275,-360,+275,-,-,-,-,0.6888888888888889
205,False,2017-06-25,Dennis Siver,BJ Penn,46%,54%,-250,+210,-163,+138,-150,+120,-,-,-,-,0.6888888888888889
206,False,2017-06-25,Alex Garcia,Tim Means,55%,45%,+170,-200,+250,-333,+230,-305,-,-,-,-,0.35714285714285715
207,False,2017-06-25,Joachim Christensen,Dominick Reyes,61%,39%,+240,-280,+275,-350,+260,-345,-,-,-,-,0.2852852852852853
208,False,2017-06-25,Justine Kish,Felice Herrig,51%,49%,-125,+105,-175,+150,-150,+120,-,-,-,-,0.5324675324675325
209,False,2017-06-25,Johny Hendricks,Tim Boetsch,43%,57%,-230,+195,-160,+130,-162,+130,-,-,-,-,0.6727813584531482
210,False,2017-06-25,Kevin Lee,Michael Chiesa,45%,55%,-120,+100,-138,+110,-130,+110,-,-,-,-,0.5217391304347826
224,False,2017-07-07,Juliana Lima,Tecia Torres,5%,95%,+250,-300,+380,-500,-,-,-,-,-,-,0.27586206896551724
225,False,2017-07-07,Teruto Ishihara,Gray Maynard,48%,52%,-255,+215,-350,+275,-,-,-,-,-,-,0.6935031297215627
226,False,2017-07-07,CB Dollaway,Ed Herman,41%,59%,-200,+170,-175,+150,-,-,-,-,-,-,0.6428571428571429
227,False,2017-07-07,Ashley Yoder,Angela Hill,3%,97%,+220,-260,+275,-350,-,-,-,-,-,-,0.3020134228187919
228,False,2017-07-07,Tom Gallicchio,James Krause,0%,100%,+270,-330,+380,-500,-,-,-,-,-,-,0.26044821320411876
229,False,2017-07-07,Marcel Fortuna,Jordan Johnson,60%,40%,+190,-225,+180,-220,-,-,-,-,-,-,0.33248081841432225
230,False,2017-07-07,Jared Cannonier,Nick Roehrick,45%,55%,-255,+215,-300,+240,-,-,-,-,-,-,0.6935031297215627
231,False,2017-07-07,Elias Theodorou,Brad Tavares,52%,48%,-140,+120,-110,-110,-,-,-,-,-,-,0.562043795620438
232,False,2017-07-07,Drakkar Klose,Marc Diakiese,61%,39%,+220,-260,+200,-250,-,-,-,-,-,-,0.3020134228187919
233,False,2017-07-07,Dhiego Lima,Jesse Taylor,47%,53%,+170,-200,+125,-150,-,-,-,-,-,-,0.35714285714285715
234,False,2017-07-07,Justin Gaethje,Michael Johnson,59%,41%,+140,-160,+138,-163,-,-,-,-,-,-,0.40372670807453415
235,True,2017-07-07,Aspen Ladd,Jessica Eye,,,,,,,,,,,,,
248,False,2017-07-08,James Bochnovic,Trevin Giles,66%,34%,+260,-310,+225,-275,-,-,-,-,-,-,0.26867627785058973
249,False,2017-07-08,Terrion Ware,Cody Stamann,54%,46%,+250,-300,+225,-275,-,-,-,-,-,-,0.27586206896551724
250,False,2017-07-08,Rob Font,Douglas Silva de Andrade,52%,48%,-265,+225,-333,+250,-,-,-,-,-,-,0.7023445463812437
251,False,2017-07-08,Belal Muhammad,Jordan Mein,57%,43%,-145,+125,-138,+110,-,-,-,-,-,-,0.5711159737417943
252,False,2017-07-08,Gerald Meerschaert,Thiago Santos,53%,47%,+102,-122,+138,-163,-,-,-,-,-,-,0.4739134147382802
253,False,2017-07-08,Brian Camozzi,Chad Laprise,47%,53%,+260,-310,+500,-700,-,-,-,-,-,-,0.26867627785058973
254,False,2017-07-08,Oleksiy Oliynyk,Travis Browne,43%,57%,+160,-185,+225,-275,-,-,-,-,-,-,0.3720626631853786
255,False,2017-07-08,Jim Miller,Anthony Pettis,40%,60%,+180,-210,+188,-225,-,-,-,-,-,-,0.3452115812917595
256,False,2017-07-08,Alistair Overeem,Fabricio Werdum,62%,38%,-132,+112,-125,+100,-,-,-,-,-,-,0.5467333541731791
257,False,2017-07-08,Curtis Blaydes,Daniel Omielaniczuk,42%,58%,-500,+385,-800,+550,-,-,-,-,-,-,0.8016528925619835
258,False,2017-07-08,Robert Whittaker,Yoel Romero,55%,45%,-105,-115,-125,+100,-134,+100,-,-,-,-,0.4891657638136511
259,True,2017-07-08,Valentina Shevchenko,Amanda Nunes,,,,,,,,,,,,,
272,False,2017-07-11,Joby Sanchez,Manny Vazquez,60%,40%,-125,+105,-,-,-,-,-,-,-,-,0.5324675324675325
273,False,2017-07-11,Jamie Pickett,Charles Byrd,46%,54%,+120,-140,-,-,-,-,-,-,-,-,0.43795620437956206
274,False,2017-07-11,Ricky Turcios,Boston Salmon,47%,53%,-120,+100,-,-,-,-,-,-,-,-,0.5217391304347826
275,False,2017-07-11,Zu Anyanwu,Greg Rebello,65%,35%,+160,-185,-,-,-,-,-,-,-,-,0.3720626631853786
276,False,2017-07-11,Kurt Holobaugh,Matt Bessette,35%,65%,-415,+345,-,-,-,-,-,-,-,-,0.7819413570445645
282,False,2017-07-16,Amanda Lemos,Leslie Smith,43%,57%,+145,-165,+188,-225,-,-,-,-,-,-,0.39596563317146055
283,False,2017-07-16,Albert Morales,Brett Johns,69%,31%,+330,-400,+300,-400,-,-,-,-,-,-,0.22522522522522523
284,False,2017-07-16,Daniel Teymur,Danny Henry,40%,60%,-215,+185,-188,+163,-,-,-,-,-,-,0.6604688763136621
285,False,2017-07-16,Galore Bofando,Charlie Ward,48%,52%,-220,+185,-200,+170,-,-,-,-,-,-,0.662090813093981
286,False,2017-07-16,Neil Seery,Alexandre Pantoja,97%,3%,+275,-335,+275,-350,-,-,-,-,-,-,0.2572062084257206
287,False,2017-07-16,Bobby Nash,Danny Roberts,33%,67%,+200,-235,+163,-188,-,-,-,-,-,-,0.32211538461538464
288,False,2017-07-16,Justin Willis,James Mulheron,60%,40%,-210,+180,-175,+150,-,-,-,-,-,-,0.6547884187082406
289,False,2017-07-16,Paul Craig,Khalil Rountree Jr.,57%,43%,+205,-240,+138,-163,-,-,-,-,-,-,0.3171641791044776
290,False,2017-07-16,Ryan Janes,Jack Marshman,57%,43%,+345,-415,+400,-550,-,-,-,-,-,-,0.2180586429554356
291,False,2017-07-16,Paul Felder,Stevie Ray,52%,48%,-105,-115,+163,-188,-,-,-,-,-,-,0.4891657638136511
292,False,2017-07-16,Cynthia Calvillo,Joanne Calderwood,44%,56%,-260,+220,-188,+163,-,-,-,-,-,-,0.6979865771812079
293,False,2017-07-16,Santiago Ponzinibbio,Gunnar Nelson,46%,54%,+160,-185,+150,-175,-,-,-,-,-,-,0.3720626631853786
306,False,2017-07-18,Casey Kenney,CJ Hamilton,48%,52%,-110,-110,-,-,-,-,-,-,-105,-120,0.5
307,False,2017-07-18,Michael Cora,Sidney Outlaw,58%,42%,+150,-175,-,-,-,-,-,-,+138,-175,0.3859649122807018
308,False,2017-07-18,Lazar Stojadinovic,Thanh Le,50%,50%,+120,-140,-,-,-,-,-,-,+110,-138,0.43795620437956206
309,False,2017-07-18,Alfred Khashakyan,Sean O'Malley,45%,55%,+205,-240,-,-,-,-,-,-,+188,-250,0.3171641791044776
310,False,2017-07-18,Angel De Anda,Daniel Spohn,44%,56%,+185,-220,-,-,-,-,-,-,+230,-350,0.337909186906019
316,False,2017-07-22,Chris Wade,Frankie Perez,44%,56%,-273,+233,-300,+240,-,-,-,-,-300,+225,0.709068786122659
317,False,2017-07-22,Godofredo Pepey,Shane Burgos,59%,41%,+257,-307,+450,-600,-,-,-,-,+320,-500,0.27079355152063556
318,False,2017-07-22,Junior Albini,Timothy Johnson,47%,53%,+180,-210,+200,-250,-,-,-,-,+200,-250,0.3452115812917595
319,False,2017-07-22,Marlon Vera,Brian Kelleher,60%,40%,+180,-210,+180,-220,-,-,-,-,+175,-225,0.3452115812917595
320,False,2017-07-22,Jeremy Kennedy,Kyle Bochniak,48%,52%,-230,+195,-250,+200,-,-,-,-,-250,+200,0.6727813584531482
321,False,2017-07-22,Chase Sherman,Damian Grabowski,67%,33%,-210,+180,-275,+225,-,-,-,-,-250,+200,0.6547884187082406
322,False,2017-07-22,Alex Oliveira,Ryan Laflare,53%,47%,+165,-190,+150,-175,-,-,-,-,+150,-188,0.36546943919344677
323,False,2017-07-22,Eryk Anders,Rafael Natal,52%,48%,-110,-110,-125,+100,-,-,-,-,-120,+100,0.5
324,False,2017-07-22,Elizeu Zaleski dos Santos,Lyman Good,59%,41%,+180,-210,+125,-150,-,-,-,-,+140,-175,0.3452115812917595
325,False,2017-07-22,Thomas Almeida,Jimmie Rivera,46%,54%,+153,-178,+163,-188,-,-,-,-,+163,-200,0.38168987011560535
326,False,2017-07-22,Gian Villante,Patrick Cummins,45%,55%,-105,-115,-210,+175,-,-,-,-,-200,+163,0.4891657638136511
327,False,2017-07-22,Darren Elkins,Dennis Bermudez,59%,41%,+180,-210,+170,-200,-,-,-,-,+180,-225,0.3452115812917595
328,False,2017-07-22,Kelvin Gastelum,Chris Weidman,63%,37%,-133,+113,-160,+130,-,-,-,-,-163,+130,0.5487032481744757
342,False,2017-07-25,Geoffrey Neal,Chase Waldon,51%,49%,+115,-135,-,-,-,-,-,-,-,-,0.447405997144217
343,False,2017-07-25,kyle Stewart,Jason Jackson,41%,59%,+145,-170,-,-,-,-,-,-,-,-,0.39329934450109244
344,False,2017-07-25,Karl Roberson,Ryan Spann,38%,62%,+120,-140,-,-,-,-,-,-,-,-,0.43795620437956206
348,False,2017-07-29,Drew Dober,Joshua Burkman,38%,62%,-260,+220,-333,+250,-,-,-,-,-350,+260,0.6979865771812079
349,False,2017-07-29,Jarred Brooks,Eric Shelton,46%,54%,-160,+140,-160,+130,-,-,-,-,-163,+130,0.5962732919254659
350,False,2017-07-29,Alexandra Albu,Kailin Curran,54%,46%,-140,+120,-170,+140,-,-,-,-,-163,+130,0.562043795620438
351,False,2017-07-29,Calvin Kattar,Andre Fili,63%,37%,+250,-300,+300,-400,-,-,-,-,+290,-400,0.27586206896551724
352,False,2017-07-29,Brian Ortega,Renato Moicano,64%,36%,+118,-138,+163,-188,-,-,-,-,+140,-175,0.4416895553411031
353,False,2017-07-29,Renan Barao,Aljamain Sterling,46%,54%,+115,-135,-138,+110,-,-,-,-,-125,+100,0.447405997144217
354,False,2017-07-29,Jason Knight,Ricardo Lamas,43%,57%,-120,+100,-125,+100,-,-,-,-,-118,-118,0.5217391304347826
355,False,2017-07-29,Volkan Oezdemir,Jimi Manuwa,42%,58%,+145,-170,+150,-175,-,-,-,-,+130,-182,0.39329934450109244
356,False,2017-07-29,Donald Cerrone,Robbie Lawler,55%,45%,+140,-160,+130,-160,-,-,-,-,+130,-163,0.40372670807453415
357,False,2017-07-29,Tonya Evinger,Cris Cyborg,95%,5%,+775,-1100,+700,-1200,-,-,-,-,+700,-1205,0.11085450346420324
358,False,2017-07-29,Demian Maia,Tyron Woodley,57%,43%,+155,-180,+180,-220,-,-,-,-,+163,-200,0.37889039242219213
359,False,2017-07-29,Jon Jones,Daniel Cormier,38%,62%,-250,+210,-333,+250,-,-,-,-,-275,+220,0.6888888888888889
372,False,2017-08-05,Jordan Rinaldi,Alvaro Herrera,43%,57%,-213,+183,-200,+170,-,-,-,-,-225,+175,0.658218587230697
373,False,2017-08-05,Roberto Sanchez,Joseph Morales,36%,64%,-138,+118,-125,+100,-,-,-,-,-125,+100,0.5583104446588969
374,False,2017-08-05,Diego Rivas,Jose Quinonez,47%,53%,+195,-230,+200,-250,-,-,-,-,+200,-250,0.32721864154685176
375,False,2017-08-05,Rani Yahya,Henry Briones,41%,59%,-143,+123,-220,+180,-,-,-,-,-275,+210,0.5675310114079267
376,False,2017-08-05,Hector Sandoval,Dustin Ortiz,59%,41%,+170,-200,+163,-188,-,-,-,-,+163,-200,0.35714285714285715
377,False,2017-08-05,Jack Hermansson,Bradley Scott,53%,47%,-240,+205,-300,+240,-,-,-,-,-250,+175,0.6828358208955224
378,False,2017-08-05,Andre Soukhamthath,Alejandro Perez,57%,43%,-110,-110,+140,-170,-,-,-,-,+110,-154,0.5
379,False,2017-08-05,Rashad Evans,Sam Alvey,47%,53%,+140,-160,+120,-143,-,-,-,-,+105,-143,0.40372670807453415
380,False,2017-08-05,Humberto Bandenay,Martin Bravo,54%,46%,+245,-285,+240,-300,-,-,-,-,+195,-286,0.28138132651196784
381,False,2017-08-05,Niko Price,Alan Jouban,51%,49%,+139,-159,+140,-170,-,-,-,-,+138,-175,0.4053144708220529
382,False,2017-08-05,Alexa Grasso,Randa Markos,52%,48%,-135,+115,-225,+188,-,-,-,-,-163,+130,0.552594002855783
383,False,2017-08-05,Brandon Moreno,Sergio Pettis,49%,51%,-140,+120,-175,+150,-,-,-,-,-163,+138,0.562043795620438
396,False,2017-09-02,Andrew Holbrook,Thibault Gouti,52%,48%,-165,+145,-175,+150,-,-,-190,+150,-175,+140,0.6040343668285393
397,False,2017-09-02,Mike Santiago,Zabit Magomedsharipov,63%,37%,+330,-400,-,-,-,-,-,-,-,-,0.22522522522522523
398,False,2017-09-02,Abdul-Kerim Edilov,Bojan Mihajlovic,39%,61%,-460,+360,-600,+450,-,-,-715,+475,-649,+450,0.7907324364723467
399,False,2017-09-02,Aleksandar Rakic,Francimar Barroso,60%,40%,-115,-105,-143,+120,-,-,-150,+120,-138,+110,0.5108342361863488
400,False,2017-09-02,Desmond Green ,Rustam Khabilov,66%,34%,+265,-315,+225,-275,-,-,+230,-305,+250,-333,0.26521808595622304
401,False,2017-09-02,Felipe Silva,Mairbek Taisumov,50%,50%,+200,-235,+380,-500,-,-,+215,-278,+350,-500,0.32211538461538464
402,False,2017-09-02,Mads Burnell,Michel Prazeres,52%,48%,+300,-365,+275,-350,-,-,+275,-360,+300,-400,0.24155844155844156
403,False,2017-09-02,Bojan Velickovic,Darren Till,48%,52%,+170,-200,+175,-210,-,-,+160,-200,+150,-188,0.35714285714285715
404,False,2017-09-02,Bryan Barberena,Leon Edwards,59%,41%,+270,-330,+225,-275,-,-,+215,-305,+210,-275,0.26044821320411876
405,False,2017-09-02,Stefan Struve,Alexander Volkov,45%,55%,+110,-130,+100,-125,-,-,+100,-134,+100,-125,0.4572564612326044
406,False,2017-09-02,Marion Reneau,Germaine de Randamie,55%,45%,+250,-300,+275,-350,-,-,-335,+250,-333,+250,0.27586206896551724
407,False,2017-09-02,Rob Wilkinson,Siyar Bahadurzada,47%,53%,+130,-150,-,-,-,-,-,-,-,-,0.42016806722689076
420,False,2017-09-09,Adriano Martins,Kajan Johnson,54%,46%,-365,+300,-550,+400,-,-,-500,+325,-500,+350,0.7584415584415585
421,False,2017-09-09,Arjan Bhullar,Luis Henrique,47%,53%,-180,+155,-210,+175,-,-,-200,+150,-200,+150,0.6211096075778079
422,False,2017-09-09,Alex White,Mitch Clarke,39%,61%,-150,+130,-220,+180,-,-,-200,+150,-225,+175,0.5798319327731092
423,False,2017-09-09,Rick Glenn,Gavin Tucker,63%,37%,+180,-210,+300,-400,-,-,+215,-305,+240,-333,0.3452115812917595
424,False,2017-09-09,Ashlee Evans-Smith,Sarah Moras,42%,58%,-215,+185,-333,+250,-,-,-278,+200,-250,+188,0.6604688763136621
425,False,2017-09-09,Wilson Reis,Henry Cejudo,86%,14%,+275,-325,+350,-450,-,-,+275,-400,+260,-350,0.25855513307984795
426,False,2017-09-09,Ketlen Vieira,Sara McMann,96%,4%,+215,-255,+175,-210,-,-,+215,-305,+175,-225,0.30649687027843725
427,False,2017-09-09,Gilbert Melendez,Jeremy Stephens,47%,53%,+105,-125,+100,-125,-,-,-115,-115,-125,+100,0.4675324675324675
428,False,2017-09-09,Tyson Pedro,Ilir Latifi,59%,41%,+110,-130,-150,+125,-,-,-,-,-138,+110,0.4572564612326044
429,False,2017-09-09,Rafael Dos Anjos,Neil Magny,46%,54%,-200,+170,-188,+163,-,-,-200,+150,-200,+160,0.6428571428571429
430,False,2017-09-09,Valentina Shevchenko,Amanda Nunes,49%,51%,-110,-110,-138,+110,-,-,-,-,-130,+105,0.5
442,False,2017-09-16,Gilbert Burns,Jason Saggo,55%,45%,-135,+115,-160,+130,-,-,-,-,-138,+110,0.552594002855783
443,False,2017-09-16,Uriah Hall,Krzysztof Jotko,71%,29%,+170,-195,+170,-200,-,-,-,-,+163,-200,0.3590992087644553
444,False,2017-09-16,Daniel Spitz,Anthony Hamilton,57%,43%,+170,-195,+170,-200,-,-,-,-,+163,-200,0.3590992087644553
445,False,2017-09-16,Olivier Aubin-Mercier,Tony Martin,44%,56%,-115,-105,+100,-125,-,-,-,-,-110,-110,0.5108342361863488
446,False,2017-09-16,Zu Anyanwu,Justin Ledet,36%,64%,+290,-355,+300,-400,-,-,-,-,+333,-450,0.24734982332155478
447,False,2017-09-16,Sergio Moraes,Kamaru Usman,68%,32%,+395,-510,+600,-1000,-,-,-,-,+500,-800,0.19460839049290157
448,False,2017-09-16,Jason Gonzalez,Gregor Gillespie,69%,31%,+350,-450,+350,-450,-,-,-,-,+333,-450,0.21359223300970873
449,False,2017-09-16,Alex Reyes,Mike Perry,65%,35%,+355,-425,+380,-500,-,-,-,-,+333,-450,0.21352313167259787
450,False,2017-09-16,  David Branch,Luke Rockhold,57%,43%,+320,-385,+400,-550,-,-,-,-,+400,-549,0.230732635585157
451,False,2017-09-16,Anthony Smith,Hector Lombard,52%,48%,-110,-110,-170,+140,-,-,-,-,-150,+120,0.5
452,True,2017-09-16,Felipe Arantes,Luke Sanders,,,,,,,,,,,,,
464,False,2017-09-22,Hyun Gyu Lim,Daichi Abe,60%,40%,-127,+107,-125,+100,-,-,-,-,-120,-105,0.5366306721917165
465,False,2017-09-22,Luke Jumeau,Shinsho Anzai,54%,46%,-220,+185,-250,+200,-,-,-,-,-250,+200,0.662090813093981
466,False,2017-09-22,Chan-Mi Jeon,Syuri Kondo,53%,47%,-130,+110,+125,-150,-,-,-,-,+120,-150,0.5427435387673957
467,False,2017-09-22,Alex Morono,Keita Nakamura,51%,49%,-138,+118,-110,-110,-,-,-,-,-125,+100,0.5583104446588969
468,False,2017-09-22,Ulka Sasaki,Jussier Formiga,65%,35%,+330,-400,+300,-400,-,-,-,-,+300,-400,0.22522522522522523
469,False,2017-09-22,Rolando Dy,Teruto Ishihara,65%,35%,+112,-132,+140,-170,-,-,-,-,+130,-163,0.45326664582682086
470,False,2017-09-22,Henrique da Silva,Gokhan Saki,43%,57%,+112,-132,+175,-200,-,-,-,-,+175,-225,0.45326664582682086
471,False,2017-09-22,Dong Hyun Kim,Takanori Gomi,50%,50%,-260,+220,-400,+300,-,-,-,-,-400,+300,0.6979865771812079
472,False,2017-09-22,Jessica Andrade,Claudia Gadelha,56%,44%,+205,-240,+225,-275,-,-,-,-,+230,-300,0.3171641791044776
473,False,2017-09-22,Yushin Okami,Ovince Saint Preux,62%,38%,+385,-500,+380,-500,-,-,-,-,+350,-500,0.1983471074380165
474,True,2017-09-22,Charles Rosa,Mizuto Hirota,,,,,,,,,,,,,
486,False,2017-10-07,Marco Beltran,Matt Schnell,49%,51%,+125,-145,-110,-110,-,-,-,-,-110,-110,0.42888402625820565
487,False,2017-10-07,Brad Tavares,Thales Leites,51%,49%,-150,+130,-175,+150,-,-,-,-,-175,+140,0.5798319327731092
488,False,2017-10-07,Magomed Bibulatov,John Moraga,34%,66%,-390,+325,-600,+450,-,-,-,-,-500,+350,0.7718277066356227
489,False,2017-10-07,Poliana Botelho,Pearl Gonzalez,60%,40%,-135,+115,-170,+140,-,-,-,-,-167,+120,0.552594002855783
490,False,2017-10-07,Bobby Green,Lando Vannata,67%,33%,+195,-230,+188,-225,-,-,-,-,+150,-200,0.32721864154685176
491,False,2017-10-07,Cody Stamann,Tom Duquesnoy,57%,43%,+140,-160,+140,-170,-,-,-,-,+140,-175,0.40372670807453415
492,False,2017-10-07,Evan Dunham,Beneil Dariush,51%,49%,+200,-235,+180,-220,-,-,-,-,+175,-225,0.32211538461538464
493,False,2017-10-07,Kalindra Faria,Mara Romero Borella  ,44%,56%,-205,+175,-300,+240,-,-,-,-,-225,+175,0.6489208633093525
494,False,2017-10-07,Ray Borg,Demetrious Johnson,48%,52%,+775,-1100,+700,-1200,-,-,-,-,+650,-1205,0.11085450346420324
495,False,2017-10-07,Kevin Lee,Tony Ferguson,41%,59%,+190,-225,+225,-275,-,-,-,-,+210,-275,0.33248081841432225
496,True,2017-10-07,Mark Godbeer,Walt Harris,,,,,,,,,,,,,
497,True,2017-10-07,Derrick Lewis,Fabricio Werdum,,,,,,,,,,,,,
510,False,2017-10-21,Josh Emmett,Felipe Arantes,38%,62%,-320,+270,-333,+250,-,-,-,-,-275,+210,0.7381546134663343
511,False,2017-10-21,Aspen Ladd,Lina Lansberg,49%,51%,-173,+148,-250,+200,-,-,-,-,-275,+210,0.6111332687596148
512,False,2017-10-21,Salim Touhari,Warlley Alves,55%,45%,+245,-285,-,-,-,-,-,-,+260,-350,0.28138132651196784
513,False,2017-10-21,Andre Fili,Artem Lobov,48%,52%,-131,+111,-175,+150,-,-,-,-,-163,+130,0.5447468516584222
514,False,2017-10-21,Ramazan Emeev,Sam Alvey,49%,51%,-143,+123,-170,+140,-,-,-,-,-163,+130,0.5675310114079267
515,False,2017-10-21,Brian Kelleher,Damian Stasiak,41%,59%,-115,-105,-125,+100,-,-,-,-,-120,-105,0.5108342361863488
516,False,2017-10-21,Nasrat Haqparast,Marcin Held,66%,34%,+320,-385,+300,-400,-,-,-,-,+260,-350,0.230732635585157
517,False,2017-10-21,Oskar Piechota,Jonathan Wilson,36%,64%,-185,+160,-200,+170,-,-,-,-,-188,+150,0.6279373368146214
518,False,2017-10-21,Devin Clark,Jan Blachowicz,8%,92%,-130,+110,-160,+130,-,-,-,-,-163,+120,0.5427435387673957
519,False,2017-10-21,Jodie Esquibel,Karolina Kowalkiewicz,41%,59%,+285,-350,+450,-600,-,-,-,-,+400,-549,0.25034770514603616
520,False,2017-10-21,Darren Till,Donald Cerrone,51%,49%,+145,-170,+130,-160,-,-,-,-,+130,-163,0.39329934450109244
521,True,2017-10-21,Anthony Hamilton,Adam Wieczorek,,,,,,,,,,,,,
534,False,2017-10-28,Christian Colombo,Marcelo Golm,40%,60%,+135,-160,+200,-250,-,-,-,-,+175,-225,0.4088050314465409
535,False,2017-10-28,Jarred Brooks,Deiveson Figueiredo,42%,58%,-190,+165,-163,+138,-,-,-,-,-175,+140,0.6345305608065531
536,False,2017-10-28,Max Griffin,Elizeu Zaleski dos Santos,51%,49%,+165,-190,+180,-220,-,-,-,-,+175,-225,0.36546943919344677
537,False,2017-10-28,Jared Gordon,Hacran Dias,44%,56%,-150,+130,-160,+130,-,-,-,-,-163,+130,0.5798319327731092
538,False,2017-10-28,Jack Marshman,Antonio Carlos Junior,57%,43%,+300,-365,+300,-400,-,-,-,-,+333,-450,0.24155844155844156
539,False,2017-10-28,Niko Price,Vicente Luque,51%,49%,+130,-150,+110,-138,-,-,-,-,+110,-138,0.42016806722689076
540,False,2017-10-28,Marlon Vera,John Lineker,61%,39%,+330,-400,+400,-550,-,-,-,-,+325,-556,0.22522522522522523
541,False,2017-10-28,Jack Hermansson,Thiago Santos,41%,59%,-140,+120,-110,-110,-,-,-,-,-125,+100,0.562043795620438
542,False,2017-10-28,Jim Miller,Francisco Trinaldo,64%,36%,+140,-160,+180,-220,-,-,-,-,+163,-210,0.40372670807453415
543,False,2017-10-28,Rob Font,Pedro Munhoz,54%,46%,-180,+155,-170,+140,-,-,-,-,-163,+130,0.6211096075778079
544,False,2017-10-28,Colby Covington,Demian Maia,54%,46%,-140,+120,-125,+100,-,-,-,-,-125,+100,0.562043795620438
545,False,2017-10-28,Derek Brunson,Lyoto Machida,47%,53%,-170,+145,-160,+130,-,-,-,-,-170,+135,0.6067006554989074
558,False,2017-11-04,Ricardo Ramos,Aiemann Zahabi,37%,63%,-117,-103,-210,+175,-,-,-,-,-188,+150,0.5151837230488916
559,False,2017-11-04,Curtis Blaydes,Aleksei Oleinik,35%,65%,-365,+300,-350,+275,-,-,-,-,-400,+300,0.7584415584415585
560,False,2017-11-04,Mickey Gall,Randy Brown,54%,46%,+111,-131,-125,+100,-,-,-,-,-120,-105,0.4552531483415778
561,False,2017-11-04,Corey Anderson,Ovince Saint Preux,56%,44%,+123,-143,+125,-150,-,-,-,-,+120,-150,0.43246898859207317
562,False,2017-11-04,Mark Godbeer,Walt Harris,59%,41%,+250,-300,+300,-400,-,-,-,-,+300,-400,0.27586206896551724
563,False,2017-11-04,Joe Duffy,James Vick,31%,69%,-154,+134,-170,+140,-,-,-,-,-188,+150,0.5865616251058011
564,False,2017-11-04,Paulo Borrachinha,Johny Hendricks,43%,57%,-205,+175,-400,+300,-,-,-230,+162,-333,+250,0.6489208633093525
565,False,2017-11-04,Jorge Masvidal,Stephen Thompson,59%,41%,+132,-152,+163,-188,-,-,+130,-180,+150,-188,0.4167769251124636
566,False,2017-11-04,Rose Namajunas,Joanna Jedrzejczyk,63%,37%,+315,-380,+500,-700,-,-,+325,-500,+450,-649,0.2333495381623724
567,False,2017-11-04,TJ Dillashaw,Cody Garbrandt,54%,46%,+135,-155,+180,-220,-,-,+140,-190,+150,-188,0.4117884537747275
568,False,2017-11-04,Georges St-Pierre,Michael Bisping,38%,62%,-118,-102,-110,-110,-,-,-115,-115,-120,-105,0.5173641257162701
580,False,2017-11-11,Karl Roberson,Darren Stewart,50%,50%,-173,+148,-225,+188,-,-,-230,+165,-225,+175,0.6111332687596148
581,False,2017-11-11,Marcel Fortuna,Jake Collier,44%,56%,-200,+170,-250,+200,-,-,-250,+180,-250,+200,0.6428571428571429
582,False,2017-11-11,Sean Strickland,Court McGee,48%,52%,-210,+180,-333,+250,-,-,-250,+180,-300,+230,0.6547884187082406
583,False,2017-11-11,Nina Ansaroff,Angela Hill,58%,42%,+165,-190,+140,-170,-,-,+150,-200,+150,-188,0.36546943919344677
584,False,2017-11-11,Michel Quinones,Sage Northcutt,60%,40%,+170,-200,+170,-200,-,-,+130,-180,+138,-175,0.35714285714285715
585,False,2017-11-11,Viviane Pereira,Tatiana Suarez,45%,55%,+190,-225,+240,-300,-,-,+215,-305,+230,-300,0.33248081841432225
586,False,2017-11-11,  Marlon Moraes,John Dodson,48%,52%,+105,-125,+120,-143,-,-,-106,-125,+105,-143,0.4675324675324675
587,False,2017-11-11,Clay Guida,Joe Lauzon,50%,50%,+105,-125,-125,+100,-,-,-125,-106,-120,-105,0.4675324675324675
588,False,2017-11-11,Matthew Lopez,Raphael Assuncao,63%,37%,+210,-250,+300,-400,-,-,+250,-360,+260,-350,0.31111111111111106
589,False,2017-11-11,Cezar Ferreira,Nate Marquardt,38%,62%,-210,+180,-300,+240,-,-,-305,+215,-300,+225,0.6547884187082406
590,False,2017-11-11,Andrei Arlovski,Junior Albini,60%,40%,+185,-220,+250,-333,-,-,+215,-305,+220,-333,0.337909186906019
591,False,2017-11-11,Anthony Pettis,Dustin Poirier,66%,34%,-125,+105,-110,-110,-,-,-125,-106,-110,-110,0.5324675324675325
592,False,2017-11-11,Diego Sanchez,Matt Brown,56%,44%,+225,-265,+300,-400,-,-,+275,-400,+260,-350,0.2976554536187564
606,False,2017-11-18,Adam Wieczorek,Anthony Hamilton,56%,44%,-155,+135,-175,+150,-,-,-180,+140,-163,+130,0.5882115462252725
607,False,2017-11-18,Eric Shelton,Jenel Lausa,37%,63%,-350,+285,-400,+300,-,-,-400,+300,-400,+300,0.7496522948539639
608,False,2017-11-18,Nadia Kassem,Alex Chambers,51%,49%,-150,+130,-188,+163,-,-,-180,+140,-188,+150,0.5798319327731092
609,False,2017-11-18,Frank Camacho,Damien Brown,51%,49%,-125,+105,-143,+120,-,-,-150,+120,-138,+110,0.5324675324675325
610,False,2017-11-18,Rashad Coulter,Tai Tuivasa,55%,45%,+150,-175,+163,-188,-,-,+150,-190,+150,-188,0.3859649122807018
611,False,2017-11-18,Will Brooks,Nik Lentz,54%,46%,-350,+285,-450,+350,-,-,-670,+400,-549,+400,0.7496522948539639
612,False,2017-11-18,Ashkan Mokhtarian,Ryan Benoit,47%,53%,+195,-230,+240,-300,-,-,+200,-278,+210,-275,0.32721864154685176
613,False,2017-11-18,Shane Young,Alexander Volkanovski,49%,51%,+420,-550,+500,-700,-,-,+450,-770,+450,-649,0.18518518518518517
614,False,2017-11-18,Daniel Kelly,Elias Theodorou,65%,35%,+205,-240,+250,-333,-,-,+200,-278,+260,-350,0.3171641791044776
615,False,2017-11-18,Bojan Velickovic,Jake Matthews,55%,45%,+140,-160,+125,-150,-,-,+110,-150,+120,-150,0.40372670807453415
616,False,2017-11-18,Belal Muhammad,Tim Means,45%,55%,+220,-260,+180,-220,-,-,+180,-250,+175,-225,0.3020134228187919
617,False,2017-11-18,Jessica-Rose Clark,Bec Rawlings,60%,40%,+125,-145,+110,-138,-,-,+120,-162,+120,-150,0.42888402625820565
618,False,2017-11-18,Marcin Tybura,Fabricio Werdum,46%,54%,+275,-325,+275,-350,-,-,+275,-400,+260,-350,0.25855513307984795
632,False,2017-11-25,Cyril Asker,  Yaozong Hu,41%,59%,-250,+210,-250,+200,-278,+215,-,-,-275,+210,0.6888888888888889
633,False,2017-11-25,Rolando Dy,Wuliji Buren,50%,50%,-165,+145,-163,+138,-162,+130,-180,+130,-163,+130,0.6040343668285393
634,False,2017-11-25,Gina Mazany,Yanan Wu,44%,56%,-129,+109,+110,-138,+114,-148,-150,+110,+110,-138,0.5407232105252603
635,False,2017-11-25,Shamil Abdurakhimov,Chase Sherman,41%,59%,-147,+127,-125,+100,-137,+110,-150,+110,-138,+110,0.5746439580499061
636,False,2017-11-25,Bharat Khandare,Yadong Song,40%,60%,+115,-135,+125,-150,+120,-150,-,-,+120,-150,0.447405997144217
637,False,2017-11-25,Xiaonan Yan,Kailin Curran,64%,36%,-128,+108,-150,+125,-150,+120,-150,+110,-150,+120,0.5386856587892521
638,False,2017-11-25,Bobby Nash,Kenan Song,43%,57%,-235,+200,-333,+250,-335,+250,-345,+240,-350,+260,0.6778846153846154
639,False,2017-11-25,Sheymon Moraes,Zabit Magomedsharipov,58%,42%,+325,-390,+400,-550,+400,-590,+350,-590,+350,-500,0.22817229336437717
640,False,2017-11-25,Alex Garcia,Muslim Salikhov,51%,49%,+147,-172,+175,-210,+180,-230,+150,-200,+175,-250,0.39033350553929164
641,False,2017-11-25,Alex Caceres,Wang Guan,34%,66%,-175,+150,-143,+120,-150,+120,-190,+140,-163,+130,0.6140350877192983
642,False,2017-11-25,Zak Ottow,Li Jingliang,41%,59%,+147,-172,+163,-188,+150,-190,+140,-190,+150,-188,0.39033350553929164
643,False,2017-11-25,Kelvin Gastelum,Michael Bisping,48%,52%,-240,+205,-300,+240,-278,+225,-345,+240,-250,+200,0.6828358208955224
656,False,2017-12-01,Emily Whitmire,Gillian Robertson,39%,61%,-190,+165,-188,+163,-200,+160,-200,+160,-188,+150,0.6345305608065531
657,False,2017-12-01,Shana Dobson,Ariel Beck,6%,94%,-225,+190,-188,+163,-200,+160,-200,+160,-225,+175,0.6675191815856777
658,False,2017-12-01,Rachael Ostovich,Karine Gevorgyan,38%,62%,-365,+300,-450,+350,-500,+350,-500,+350,-400,+300,0.7584415584415585
659,False,2017-12-01,Ryan Janes,Andrew Sanchez,59%,41%,+345,-415,+400,-550,+400,-590,+400,-590,+350,-500,0.2180586429554356
660,False,2017-12-01,Montana De La Rosa,Christina Marks,45%,55%,-360,+295,-400,+300,-400,+300,-400,+300,-400,+300,0.7555791710945803
661,False,2017-12-01,Brett Johns,Joe Soto,40%,60%,-210,+180,-160,+130,-180,+140,-180,+140,-188,+150,0.6547884187082406
662,False,2017-12-01,Melinda Fábián,DeAnna Bennett,53%,47%,+350,-450,+400,-550,+350,-500,+350,-500,+350,-500,0.21359223300970873
663,False,2017-12-01,Gerald Meerschaert,Eric Spicely,43%,57%,-180,+155,-188,+163,-190,+150,-190,+150,-188,+150,0.6211096075778079
664,False,2017-12-01,Terrion Ware,Sean O'Malley,58%,42%,+205,-240,+220,-275,+195,-250,+195,-250,+200,-250,0.3171641791044776
665,False,2017-12-01,Lauren Murphy,Barb Honchak,57%,43%,+200,-235,+188,-225,+195,-250,+195,-250,+175,-225,0.32211538461538464
666,False,2017-12-01,Roxanne Modafferi,Nicco Montano,64%,36%,+175,-205,+175,-210,+165,-200,+165,-200,+163,-200,0.3510791366906475
678,False,2017-12-02,Allen Crowder,Justin Willis,44%,56%,+170,-195,+180,-220,+180,-230,+180,-230,+175,-225,0.3590992087644553
679,False,2017-12-02,Dominick Reyes,Jeremy Kimball,36%,64%,-390,+325,-550,+400,-590,+400,-590,+400,-500,+350,0.7718277066356227
680,False,2017-12-02,Abdul Razak Alhassan,Sabah Homasi,52%,48%,-225,+190,-250,+200,-278,+215,-278,+215,-250,+200,0.6675191815856777
681,False,2017-12-02,Angela Magana,Amanda Cooper,61%,39%,+250,-300,+400,-550,+350,-500,+350,-500,+400,-599,0.27586206896551724
682,False,2017-12-02,Cortney Casey,Felice Herrig,45%,55%,+130,-150,+100,-125,+100,-124,+100,-124,+110,-138,0.42016806722689076
683,False,2017-12-02,Drakkar Klose,David Teymur,41%,59%,+135,-155,+110,-138,+110,-137,+110,-137,+138,-175,0.4117884537747275
684,False,2017-12-02,Yancy Medeiros,Alex Oliveira,53%,47%,+158,-183,+300,-400,+230,-305,+230,-305,+200,-250,0.3747649442487486
685,False,2017-12-02,Paul Felder,Charles Oliveira,57%,43%,-137,+117,+125,-150,+110,-137,+110,-137,-110,-110,0.5564206704224298
686,False,2017-12-02,Michelle Waterson,Tecia Torres,35%,65%,+135,-155,+200,-250,+195,-250,+195,-250,+195,-286,0.4117884537747275
687,False,2017-12-02,Justin Gaethje,Eddie Alvarez,46%,54%,-175,+150,-175,+150,-190,+150,-190,+150,-188,+150,0.6140350877192983
688,False,2017-12-02,Sergio Pettis,Henry Cejudo,44%,56%,+190,-225,+250,-333,+230,-305,+230,-305,+225,-275,0.33248081841432225
689,False,2017-12-02,Francis Ngannou,Alistair Overeem,43%,57%,-190,+165,-250,+200,-225,+175,-225,+175,-225,+188,0.6345305608065531
690,False,2017-12-02,Jose Aldo,Max Holloway,48%,52%,+255,-305,+225,-275,+205,-250,+205,-250,+225,-300,0.2722231557721391
704,False,2017-12-09,Antonio Braga Neto,Trevin Giles,57%,43%,+180,-210,+225,-275,+215,-278,+215,-278,+210,-275,0.3452115812917595
705,False,2017-12-09,Chris Gruetzemacher,Davi Ramos,54%,46%,+205,-240,+300,-400,+325,-455,+325,-455,+300,-400,0.3171641791044776
706,False,2017-12-09,Alejandro Perez,Iuri Alcantara,59%,41%,+157,-182,+163,-188,+160,-200,+160,-200,+175,-225,0.3761303918691813
707,False,2017-12-09,Frankie Saenz,Merab Dvalishvili,66%,34%,+113,-133,+170,-200,+160,-200,+160,-200,+140,-188,0.4512967518255245
708,False,2017-12-09,Carls John De Tomas,Alex Perez,38%,62%,+208,-243,+300,-400,+325,-455,+325,-455,+300,-400,0.31426372498717287
709,False,2017-12-09,Andre Soukhamthath,Luke Sanders,43%,57%,+175,-205,+250,-333,+230,-305,+230,-305,+210,-275,0.3510791366906475
710,False,2017-12-09,Liz Carmouche,Alexis Davis,60%,40%,-173,+148,-125,+100,-124,+100,-124,+100,-138,+110,0.6111332687596148
711,False,2017-12-09,Benito Lopez,Albert Morales,34%,66%,-110,-110,-125,+100,-124,+100,-124,+100,-120,-105,0.5
712,False,2017-12-09,Markus Perez,Eryk Anders,67%,33%,+230,-270,+350,-450,+350,-500,+350,-500,+300,-400,0.2934179222839017
713,False,2017-12-09,Darrell Horcher,Scott Holtzman,49%,51%,-105,-115,+120,-143,+120,-150,+120,-150,+110,-138,0.4891657638136511
714,False,2017-12-09,Aljamain Sterling,  Marlon Moraes,57%,43%,+135,-155,+130,-160,+120,-150,+120,-150,+125,-150,0.4117884537747275
715,False,2017-12-09,Brian Ortega,Cub Swanson,4%,96%,+100,-120,-110,-110,-112,-106,-112,-106,-110,-110,0.4782608695652174
716,False,2017-12-09,Gabriel Benitez,Jason Knight,67%,33%,+245,-285,+250,-333,+250,-335,+250,-335,+250,-333,0.28138132651196784
730,False,2017-12-16,Erick Silva,Jordan Mein,54%,46%,+141,-161,-,-,-,-,+130,-162,-,-,0.40215096839802167
731,False,2017-12-16,Oluwale Bamgbose,Alessio Di Chirico,11%,89%,-120,+100,+110,-138,+100,-124,+120,-150,+100,-125,0.5217391304347826
732,False,2017-12-16,Abel Trujillo,John Makdessi,31%,69%,-120,+100,-175,+150,-180,+140,-180,+140,-188,+150,0.5217391304347826
733,False,2017-12-16,Danny Roberts,Nordine Taleb,51%,49%,+118,-138,+140,-170,+120,-150,+120,-150,+120,-150,0.4416895553411031
734,False,2017-12-16,Galore Bofando,Chad Laprise,53%,47%,-105,-115,+125,-150,+130,-162,+130,-162,+130,-163,0.4891657638136511
735,False,2017-12-16,Darren Stewart,Julian Marquez,96%,4%,+240,-280,+300,-400,+275,-360,+275,-360,+260,-350,0.2852852852852853
736,False,2017-12-16,Jared Cannonier,Jan Blachowicz,51%,49%,-200,+170,-188,+163,-200,+160,-200,+160,-188,+150,0.6428571428571429
737,False,2017-12-16,Misha Cirkunov,Glover Teixeira,42%,58%,-125,+105,-163,+138,-180,+140,-180,+140,-150,+120,0.5324675324675325
738,False,2017-12-16,Mike Perry,Santiago Ponzinibbio,50%,50%,+162,-187,+140,-170,+130,-162,+130,-162,+140,-175,0.36939789430329245
739,False,2017-12-16,Josh Emmett,Ricardo Lamas,51%,49%,+205,-240,+225,-275,+215,-278,+215,-278,+210,-275,0.3171641791044776
740,False,2017-12-16,Rafael Dos Anjos,Robbie Lawler,47%,53%,+100,-120,-125,+100,-112,-106,-112,-106,-120,-105,0.4782608695652174
741,True,2017-12-16,Pietro Menga,Tim Elliott,,,,,,,,,,,,,
754,False,2017-12-30,Mark De La Rosa,Tim Elliott,56%,44%,+180,-210,+180,-220,+160,-200,-,-,+175,-225,0.3452115812917595
755,False,2017-12-30,Matheus Nicolau,Louis Smolka,7%,93%,-355,+290,-225,+188,-230,+180,-,-,-225,+175,0.7526501766784454
756,False,2017-12-30,Omari Akhmedov,Marvin Vettori,56%,44%,+195,-230,+180,-220,+195,-250,-,-,+175,-225,0.32721864154685176
757,False,2017-12-30,Rick Glenn,Myles Jury,42%,58%,+210,-250,+150,-200,+195,-250,-,-,+150,-188,0.31111111111111106
758,False,2017-12-30,Michael Oleksiejczuk,Khalil Rountree Jr.,65%,35%,+235,-275,+250,-333,+300,-400,-,-,+250,-333,0.2892960462873674
759,False,2017-12-30,Neil Magny,Carlos Condit,53%,47%,+155,-180,+125,-150,+110,-137,+140,-190,+120,-150,0.37889039242219213
760,False,2017-12-30,Carla Esparza,Cynthia Calvillo,50%,50%,+250,-290,+188,-225,+175,-225,+240,-345,+200,-250,0.2775800711743772
761,False,2017-12-30,Marc Diakiese,Dan Hooker,40%,60%,-170,+145,-188,+150,-190,+150,-,-,-200,+163,0.6067006554989074
762,False,2017-12-30,Edson Barboza,Khabib Nurmagomedov,63%,37%,+195,-230,+250,-325,+275,-360,+215,-305,+225,-300,0.32721864154685176
763,False,2017-12-30,Cris Cyborg,Holly Holm,44%,56%,-300,+250,-300,+225,-278,+225,-360,+250,-275,+200,0.7241379310344829
764,True,2017-12-30,John Lineker,Jimmie Rivera,,,,,,,,,,,,,
